age,job,marital,education,default,housing,loan,contact,month,day_of_week,duration,campaign,pdays,previous,poutcome,emp_var_rate,cons_price_idx,cons_conf_idx,euribor3m,nr_employed
30,blue-collar,married,basic.9y,no,yes,no,cellular,may,fri,487,2,999,0,nonexistent,-1.8,92.893,-46.2,1.313,5099.1
39,services,single,high.school,no,no,no,telephone,may,fri,346,4,999,0,nonexistent,1.1,93.994,-36.4,4.855,5191
25,services,married,high.school,no,yes,no,telephone,jun,wed,227,1,999,0,nonexistent,1.4,94.465,-41.8,4.962,5228.1
38,services,married,basic.9y,no,unknown,unknown,telephone,jun,fri,17,3,999,0,nonexistent,1.4,94.465,-41.8,4.959,5228.1
47,admin.,married,university.degree,no,yes,no,cellular,nov,mon,58,1,999,0,nonexistent,-0.1,93.2,-42,4.191,5195.8
32,services,single,university.degree,no,no,no,cellular,sep,thu,128,3,999,2,failure,-1.1,94.199,-37.5,0.884,4963.6
32,admin.,single,university.degree,no,yes,no,cellular,sep,mon,290,4,999,0,nonexistent,-1.1,94.199,-37.5,0.879,4963.6
41,entrepreneur,married,university.degree,unknown,yes,no,cellular,nov,mon,44,2,999,0,nonexistent,-0.1,93.2,-42,4.191,5195.8
31,services,divorced,professional.course,no,no,no,cellular,nov,tue,68,1,999,1,failure,-0.1,93.2,-42,4.153,5195.8
35,blue-collar,married,basic.9y,unknown,no,no,telephone,may,thu,170,1,999,0,nonexistent,1.1,93.994,-36.4,4.855,5191
25,services,single,basic.6y,unknown,yes,no,cellular,jul,thu,301,1,999,0,nonexistent,1.4,93.918,-42.7,4.958,5228.1
36,self-employed,single,basic.4y,no,no,no,cellular,jul,thu,148,1,999,0,nonexistent,1.4,93.918,-42.7,4.968,5228.1
36,admin.,married,high.school,no,no,no,telephone,may,wed,97,2,999,0,nonexistent,1.1,93.994,-36.4,4.859,5191
47,blue-collar,married,basic.4y,no,yes,no,telephone,jun,thu,211,2,999,0,nonexistent,1.4,94.465,-41.8,4.958,5228.1
29,admin.,single,high.school,no,no,no,cellular,may,fri,553,2,999,0,nonexistent,-1.8,92.893,-46.2,1.313,5099.1
27,services,single,university.degree,no,no,no,cellular,jul,wed,698,2,999,0,nonexistent,1.4,93.918,-42.7,4.963,5228.1
44,admin.,divorced,university.degree,no,no,no,cellular,jul,wed,191,6,999,0,nonexistent,1.4,93.918,-42.7,4.957,5228.1
46,admin.,divorced,university.degree,no,yes,no,telephone,jul,mon,59,4,999,0,nonexistent,1.4,93.918,-42.7,4.962,5228.1
45,entrepreneur,married,university.degree,unknown,yes,yes,cellular,aug,mon,38,2,999,0,nonexistent,1.4,93.444,-36.1,4.965,5228.1
50,blue-collar,married,basic.4y,no,no,yes,cellular,jul,tue,849,1,999,0,nonexistent,1.4,93.918,-42.7,4.961,5228.1
55,services,married,basic.6y,unknown,yes,no,cellular,jul,tue,326,6,999,0,nonexistent,1.4,93.918,-42.7,4.962,5228.1
39,technician,divorced,high.school,no,no,no,cellular,mar,mon,222,1,12,2,success,-1.8,93.369,-34.8,0.639,5008.7
29,technician,single,university.degree,no,yes,yes,cellular,aug,wed,626,3,999,0,nonexistent,1.4,93.444,-36.1,4.967,5228.1
40,management,married,high.school,no,no,yes,cellular,aug,wed,119,1,999,0,nonexistent,1.4,93.444,-36.1,4.965,5228.1
44,technician,married,professional.course,unknown,yes,no,telephone,may,fri,388,7,999,0,nonexistent,1.1,93.994,-36.4,4.864,5191
38,technician,married,professional.course,no,yes,no,cellular,aug,mon,479,1,999,0,nonexistent,1.4,93.444,-36.1,4.965,5228.1
36,technician,divorced,professional.course,no,no,no,telephone,may,wed,446,1,999,0,nonexistent,1.1,93.994,-36.4,4.856,5191
28,blue-collar,married,basic.6y,unknown,no,no,cellular,may,mon,68,2,999,1,failure,-1.8,92.893,-46.2,1.299,5099.1
47,admin.,single,unknown,unknown,no,no,telephone,may,thu,127,1,999,0,nonexistent,1.1,93.994,-36.4,4.86,5191
34,admin.,married,university.degree,no,no,no,cellular,aug,tue,109,1,999,0,nonexistent,1.4,93.444,-36.1,4.963,5228.1
38,technician,married,university.degree,no,yes,yes,cellular,mar,tue,113,1,999,1,failure,-1.8,92.843,-50,1.687,5099.1
33,services,married,high.school,unknown,yes,no,telephone,jun,mon,393,3,999,0,nonexistent,1.4,94.465,-41.8,4.865,5228.1
51,technician,single,university.degree,no,no,no,cellular,jun,fri,151,2,999,0,nonexistent,-2.9,92.963,-40.8,1.268,5076.2
30,blue-collar,single,basic.4y,unknown,yes,no,telephone,jun,tue,256,1,999,0,nonexistent,1.4,94.465,-41.8,4.864,5228.1
48,technician,married,university.degree,no,no,no,cellular,aug,thu,42,7,999,0,nonexistent,1.4,93.444,-36.1,4.962,5228.1
28,blue-collar,single,basic.9y,no,yes,no,telephone,jun,wed,525,1,999,0,nonexistent,1.4,94.465,-41.8,4.864,5228.1
36,blue-collar,married,basic.6y,no,yes,no,telephone,may,wed,57,1,999,0,nonexistent,1.1,93.994,-36.4,4.859,5191
46,management,divorced,high.school,no,no,no,cellular,nov,wed,499,1,999,0,nonexistent,-0.1,93.2,-42,4.12,5195.8
31,technician,single,unknown,no,yes,no,cellular,may,wed,84,1,999,1,failure,-1.8,92.893,-46.2,1.334,5099.1
20,student,single,unknown,no,no,no,cellular,oct,mon,137,3,999,3,failure,-1.1,94.601,-49.5,0.977,4963.6
35,services,married,high.school,unknown,yes,no,cellular,may,tue,31,1,999,0,nonexistent,-1.8,92.893,-46.2,1.344,5099.1
38,blue-collar,married,basic.9y,unknown,unknown,unknown,telephone,jun,fri,430,1,999,0,nonexistent,1.4,94.465,-41.8,4.967,5228.1
76,retired,married,university.degree,no,no,no,cellular,aug,thu,126,1,999,1,failure,-1.7,94.027,-38.3,0.899,4991.6
45,entrepreneur,divorced,professional.course,no,yes,no,cellular,jul,tue,211,3,999,0,nonexistent,1.4,93.918,-42.7,4.961,5228.1
32,housemaid,married,basic.4y,no,yes,yes,cellular,may,fri,340,1,999,0,nonexistent,-1.8,92.893,-46.2,1.313,5099.1
39,management,single,university.degree,unknown,no,no,cellular,may,thu,412,2,999,0,nonexistent,-1.8,92.893,-46.2,1.327,5099.1
32,admin.,married,university.degree,no,no,no,telephone,nov,thu,132,1,999,0,nonexistent,-0.1,93.2,-42,4.592,5195.8
29,admin.,single,basic.9y,no,no,no,cellular,may,mon,79,2,999,0,nonexistent,-1.8,92.893,-46.2,1.299,5099.1
44,services,married,professional.course,no,no,no,cellular,aug,mon,341,2,999,0,nonexistent,1.4,93.444,-36.1,4.97,5228.1
32,services,married,high.school,no,no,yes,cellular,jul,fri,157,3,999,0,nonexistent,1.4,93.918,-42.7,4.957,5228.1
56,retired,married,university.degree,no,yes,no,cellular,jun,wed,252,1,999,2,failure,-2.9,92.963,-40.8,1.26,5076.2
33,blue-collar,married,basic.9y,no,yes,no,cellular,may,thu,263,1,999,0,nonexistent,-1.8,92.893,-46.2,1.327,5099.1
39,management,married,high.school,no,no,no,cellular,aug,fri,215,3,999,0,nonexistent,1.4,93.444,-36.1,4.966,5228.1
24,technician,married,university.degree,no,yes,yes,cellular,sep,tue,89,2,3,1,success,-3.4,92.379,-29.8,0.77,5017.5
33,admin.,single,university.degree,no,yes,no,cellular,may,thu,143,1,999,0,nonexistent,-1.8,92.893,-46.2,1.327,5099.1
58,entrepreneur,divorced,university.degree,no,no,no,telephone,jun,thu,40,2,999,0,nonexistent,1.4,94.465,-41.8,4.866,5228.1
29,admin.,single,university.degree,no,yes,no,telephone,jun,fri,10,27,999,0,nonexistent,1.4,94.465,-41.8,4.959,5228.1
31,admin.,married,university.degree,no,yes,no,cellular,aug,thu,113,1,999,0,nonexistent,1.4,93.444,-36.1,4.964,5228.1
27,admin.,married,university.degree,no,no,no,telephone,may,wed,191,5,999,0,nonexistent,1.1,93.994,-36.4,4.857,5191
60,admin.,divorced,professional.course,no,yes,no,cellular,sep,wed,481,1,999,1,failure,-1.1,94.199,-37.5,0.886,4963.6
55,entrepreneur,married,professional.course,no,yes,yes,cellular,oct,mon,233,1,999,2,failure,-3.4,92.431,-26.9,0.739,5017.5
37,blue-collar,married,basic.9y,no,yes,no,cellular,may,wed,204,2,999,0,nonexistent,-1.8,92.893,-46.2,1.334,5099.1
52,admin.,married,unknown,no,yes,no,telephone,apr,wed,403,1,6,1,success,-1.8,93.749,-34.6,0.654,5008.7
46,services,married,high.school,no,yes,no,cellular,apr,mon,180,1,999,0,nonexistent,-1.8,93.075,-47.1,1.405,5099.1
42,blue-collar,divorced,basic.6y,no,yes,no,cellular,may,wed,16,2,999,0,nonexistent,-1.8,92.893,-46.2,1.281,5099.1
35,admin.,single,university.degree,no,yes,no,cellular,jul,mon,447,3,999,0,nonexistent,1.4,93.918,-42.7,4.96,5228.1
49,technician,divorced,unknown,no,yes,yes,cellular,oct,thu,81,1,999,0,nonexistent,-3.4,92.431,-26.9,0.754,5017.5
29,services,divorced,high.school,no,no,yes,telephone,jun,mon,361,3,999,0,nonexistent,1.4,94.465,-41.8,4.865,5228.1
32,blue-collar,married,basic.9y,no,no,no,cellular,nov,mon,1091,2,5,1,success,-0.1,93.2,-42,4.191,5195.8
37,self-employed,married,university.degree,no,no,no,cellular,may,fri,395,1,999,1,failure,-1.8,92.893,-46.2,1.313,5099.1
39,technician,single,professional.course,unknown,no,no,telephone,jun,mon,432,4,999,0,nonexistent,1.4,94.465,-41.8,4.865,5228.1
51,services,married,high.school,unknown,yes,no,telephone,jul,mon,596,3,999,0,nonexistent,1.4,93.918,-42.7,4.962,5228.1
28,admin.,single,high.school,no,yes,no,cellular,may,tue,59,3,999,0,nonexistent,-1.8,92.893,-46.2,1.291,5099.1
34,management,married,university.degree,no,yes,no,cellular,may,wed,77,4,999,0,nonexistent,-1.8,92.893,-46.2,1.281,5099.1
31,technician,single,high.school,no,yes,yes,cellular,aug,tue,768,1,999,0,nonexistent,1.4,93.444,-36.1,4.966,5228.1
31,admin.,married,university.degree,no,yes,no,cellular,aug,thu,96,5,999,0,nonexistent,1.4,93.444,-36.1,4.962,5228.1
31,admin.,single,university.degree,no,yes,no,telephone,jun,wed,357,2,999,0,nonexistent,1.4,94.465,-41.8,4.864,5228.1
38,self-employed,single,university.degree,no,no,no,telephone,may,thu,459,2,999,0,nonexistent,1.1,93.994,-36.4,4.855,5191
33,unemployed,married,basic.9y,no,no,no,telephone,jun,fri,11,6,999,0,nonexistent,1.4,94.465,-41.8,4.959,5228.1
32,technician,single,university.degree,no,no,no,cellular,aug,tue,264,12,999,0,nonexistent,1.4,93.444,-36.1,4.966,5228.1
54,technician,married,professional.course,unknown,yes,no,cellular,apr,mon,698,1,999,0,nonexistent,-1.8,93.075,-47.1,1.405,5099.1
41,admin.,divorced,high.school,no,yes,no,telephone,jun,tue,204,2,999,0,nonexistent,1.4,94.465,-41.8,4.961,5228.1
59,services,married,basic.4y,unknown,no,no,cellular,aug,thu,93,7,999,0,nonexistent,1.4,93.444,-36.1,4.963,5228.1
57,retired,married,university.degree,no,yes,no,cellular,apr,thu,374,1,2,1,success,-1.8,93.075,-47.1,1.365,5099.1
38,entrepreneur,divorced,university.degree,no,yes,no,cellular,nov,thu,252,1,999,0,nonexistent,-0.1,93.2,-42,4.076,5195.8
46,admin.,married,university.degree,no,yes,no,telephone,may,tue,158,1,999,0,nonexistent,1.1,93.994,-36.4,4.857,5191
37,unemployed,single,university.degree,no,yes,yes,cellular,nov,tue,95,1,999,0,nonexistent,-0.1,93.2,-42,4.153,5195.8
47,services,single,basic.9y,no,unknown,unknown,telephone,jun,thu,835,3,999,0,nonexistent,1.4,94.465,-41.8,4.961,5228.1
45,admin.,single,university.degree,no,no,no,cellular,aug,thu,505,1,999,0,nonexistent,1.4,93.444,-36.1,4.964,5228.1
36,blue-collar,married,basic.6y,no,yes,no,telephone,jul,wed,16,1,999,0,nonexistent,1.4,93.918,-42.7,4.962,5228.1
40,unemployed,single,high.school,no,yes,no,cellular,jul,mon,300,5,999,0,nonexistent,1.4,93.918,-42.7,4.96,5228.1
38,blue-collar,married,basic.9y,no,no,no,cellular,nov,tue,180,2,999,1,failure,-0.1,93.2,-42,4.153,5195.8
44,blue-collar,married,high.school,unknown,no,no,telephone,jun,tue,390,2,999,0,nonexistent,1.4,94.465,-41.8,4.961,5228.1
25,self-employed,married,university.degree,no,yes,no,telephone,may,fri,274,2,999,0,nonexistent,1.1,93.994,-36.4,4.857,5191
30,blue-collar,single,basic.6y,no,yes,no,telephone,jul,tue,135,5,999,0,nonexistent,1.4,93.918,-42.7,4.961,5228.1
43,management,married,professional.course,no,no,no,cellular,nov,tue,257,2,999,0,nonexistent,-0.1,93.2,-42,4.153,5195.8
58,retired,married,basic.6y,unknown,no,no,telephone,may,mon,268,3,999,0,nonexistent,1.1,93.994,-36.4,4.857,5191
31,technician,married,professional.course,no,yes,no,telephone,may,wed,157,6,999,0,nonexistent,1.1,93.994,-36.4,4.856,5191
53,management,married,university.degree,no,no,no,cellular,jul,tue,477,2,999,0,nonexistent,1.4,93.918,-42.7,4.961,5228.1
52,admin.,married,unknown,no,no,no,cellular,aug,tue,91,1,999,0,nonexistent,1.4,93.444,-36.1,4.968,5228.1
37,management,married,university.degree,unknown,no,yes,cellular,apr,fri,76,1,999,1,failure,-1.8,93.075,-47.1,1.405,5099.1
58,admin.,married,high.school,unknown,yes,no,cellular,jul,tue,103,1,999,0,nonexistent,1.4,93.918,-42.7,4.961,5228.1
37,services,married,high.school,no,yes,yes,cellular,may,thu,436,3,999,0,nonexistent,-1.8,92.893,-46.2,1.266,5099.1
38,admin.,single,unknown,no,yes,no,cellular,may,fri,191,1,999,0,nonexistent,-1.8,92.893,-46.2,1.313,5099.1
33,services,single,basic.9y,no,yes,no,cellular,apr,thu,483,2,999,0,nonexistent,-1.8,93.075,-47.1,1.41,5099.1
45,services,married,high.school,unknown,yes,no,cellular,may,fri,250,1,999,0,nonexistent,-1.8,92.893,-46.2,1.25,5099.1
44,entrepreneur,married,professional.course,no,no,no,telephone,may,mon,259,1,999,0,nonexistent,1.1,93.994,-36.4,4.858,5191
38,blue-collar,married,basic.6y,no,yes,no,telephone,jul,thu,389,2,999,0,nonexistent,1.4,93.918,-42.7,4.966,5228.1
34,blue-collar,married,basic.9y,no,no,no,telephone,jun,tue,7,1,999,0,nonexistent,-1.7,94.055,-39.8,0.702,4991.6
47,management,married,university.degree,no,yes,no,cellular,jul,wed,123,1,999,0,nonexistent,-2.9,92.469,-33.6,1.029,5076.2
59,admin.,married,university.degree,no,yes,yes,cellular,jul,wed,92,1,999,0,nonexistent,-2.9,92.469,-33.6,1.085,5076.2
51,blue-collar,married,basic.4y,unknown,yes,yes,cellular,aug,thu,297,2,999,0,nonexistent,1.4,93.444,-36.1,4.964,5228.1
31,blue-collar,married,basic.6y,no,yes,no,telephone,jun,wed,406,2,999,0,nonexistent,1.4,94.465,-41.8,4.864,5228.1
56,management,married,university.degree,no,yes,yes,cellular,nov,wed,104,1,999,1,failure,-0.1,93.2,-42,4.12,5195.8
39,admin.,married,university.degree,no,no,no,telephone,jun,mon,135,2,999,0,nonexistent,1.4,94.465,-41.8,4.961,5228.1
41,entrepreneur,married,university.degree,no,yes,no,cellular,nov,tue,854,1,999,0,nonexistent,-0.1,93.2,-42,4.153,5195.8
41,management,divorced,basic.6y,no,yes,no,cellular,nov,thu,147,1,999,0,nonexistent,-0.1,93.2,-42,4.076,5195.8
53,services,married,high.school,unknown,no,no,telephone,may,thu,203,4,999,0,nonexistent,1.1,93.994,-36.4,4.86,5191
35,blue-collar,married,high.school,no,no,yes,cellular,jul,mon,149,4,999,0,nonexistent,1.4,93.918,-42.7,4.962,5228.1
58,retired,married,basic.9y,no,no,yes,cellular,may,wed,144,1,999,0,nonexistent,-1.8,92.893,-46.2,1.334,5099.1
25,self-employed,married,professional.course,no,yes,no,telephone,jun,wed,394,2,999,0,nonexistent,1.4,94.465,-41.8,4.959,5228.1
35,blue-collar,divorced,basic.9y,no,yes,no,cellular,may,tue,523,1,999,1,failure,-1.8,92.893,-46.2,1.344,5099.1
28,services,single,high.school,no,no,no,cellular,jul,wed,73,1,999,0,nonexistent,1.4,93.918,-42.7,4.963,5228.1
55,blue-collar,married,professional.course,no,yes,yes,cellular,may,fri,197,3,999,1,failure,-1.8,92.893,-46.2,1.25,5099.1
54,entrepreneur,married,basic.4y,unknown,no,yes,telephone,may,thu,108,1,999,0,nonexistent,1.1,93.994,-36.4,4.855,5191
45,technician,divorced,basic.9y,unknown,no,no,cellular,jul,wed,80,2,999,0,nonexistent,1.4,93.918,-42.7,4.962,5228.1
32,blue-collar,married,basic.9y,no,yes,no,cellular,apr,thu,114,1,999,1,failure,-1.8,93.075,-47.1,1.41,5099.1
50,admin.,married,basic.9y,unknown,yes,no,cellular,aug,thu,122,3,999,0,nonexistent,1.4,93.444,-36.1,4.963,5228.1
75,retired,married,basic.4y,no,no,no,cellular,apr,tue,109,1,999,1,failure,-1.8,93.075,-47.1,1.405,5099.1
33,self-employed,divorced,unknown,no,no,no,telephone,may,wed,1161,4,999,0,nonexistent,1.1,93.994,-36.4,4.858,5191
29,management,married,university.degree,no,no,yes,cellular,aug,wed,181,2,999,0,nonexistent,1.4,93.444,-36.1,4.967,5228.1
45,management,married,university.degree,no,yes,no,cellular,may,thu,239,1,999,0,nonexistent,-1.8,92.893,-46.2,1.327,5099.1
38,admin.,divorced,university.degree,no,no,no,cellular,apr,mon,360,1,999,0,nonexistent,-1.8,93.075,-47.1,1.392,5099.1
24,services,single,professional.course,no,yes,no,telephone,may,mon,314,1,999,0,nonexistent,1.1,93.994,-36.4,4.858,5191
41,technician,married,professional.course,no,yes,no,cellular,aug,mon,984,1,999,0,nonexistent,1.4,93.444,-36.1,4.963,5228.1
58,retired,divorced,high.school,no,yes,no,cellular,jun,tue,663,1,999,0,nonexistent,-2.9,92.963,-40.8,1.262,5076.2
34,admin.,married,university.degree,no,no,yes,telephone,may,wed,157,2,999,0,nonexistent,1.1,93.994,-36.4,4.857,5191
34,admin.,married,university.degree,no,no,no,cellular,nov,mon,141,2,999,0,nonexistent,-1.1,94.767,-50.8,1.05,4963.6
37,technician,divorced,professional.course,no,no,no,telephone,may,wed,374,1,999,0,nonexistent,1.1,93.994,-36.4,4.856,5191
53,blue-collar,divorced,basic.4y,no,no,no,telephone,jun,wed,706,1,999,0,nonexistent,1.4,94.465,-41.8,4.959,5228.1
54,technician,divorced,professional.course,no,yes,yes,cellular,jul,tue,797,14,999,0,nonexistent,1.4,93.918,-42.7,4.961,5228.1
32,technician,divorced,professional.course,no,yes,no,cellular,nov,tue,250,1,999,0,nonexistent,-0.1,93.2,-42,4.153,5195.8
42,admin.,married,high.school,no,yes,no,cellular,jul,fri,311,6,999,0,nonexistent,1.4,93.918,-42.7,4.962,5228.1
28,technician,single,professional.course,no,yes,no,cellular,aug,thu,63,2,3,1,success,-2.9,92.201,-31.4,0.851,5076.2
33,services,single,high.school,no,yes,no,telephone,may,fri,111,1,999,0,nonexistent,1.1,93.994,-36.4,4.864,5191
41,blue-collar,married,basic.9y,no,yes,no,cellular,apr,mon,148,2,999,0,nonexistent,-1.8,93.075,-47.1,1.405,5099.1
31,services,married,high.school,no,no,yes,cellular,nov,thu,49,1,999,0,nonexistent,-0.1,93.2,-42,4.076,5195.8
40,technician,married,basic.9y,unknown,no,yes,telephone,may,thu,171,4,999,0,nonexistent,1.1,93.994,-36.4,4.86,5191
53,unknown,married,basic.9y,no,no,yes,cellular,nov,wed,242,1,999,1,failure,-3.4,92.649,-30.1,0.716,5017.5
40,admin.,divorced,university.degree,no,yes,no,cellular,aug,mon,257,1,999,0,nonexistent,1.4,93.444,-36.1,4.965,5228.1
82,housemaid,married,basic.4y,no,no,no,telephone,sep,tue,279,3,3,2,success,-1.1,94.199,-37.5,0.877,4963.6
28,blue-collar,married,basic.4y,no,yes,no,cellular,jul,mon,113,1,999,0,nonexistent,1.4,93.918,-42.7,4.96,5228.1
30,admin.,married,high.school,unknown,yes,no,cellular,nov,wed,246,3,999,0,nonexistent,-0.1,93.2,-42,4.12,5195.8
31,unemployed,single,university.degree,no,yes,no,cellular,jul,tue,309,1,6,3,success,-1.7,94.215,-40.3,0.835,4991.6
32,technician,single,university.degree,no,yes,no,cellular,aug,wed,168,1,999,0,nonexistent,1.4,93.444,-36.1,4.965,5228.1
54,blue-collar,married,basic.4y,no,yes,no,cellular,aug,tue,153,1,999,0,nonexistent,1.4,93.444,-36.1,4.963,5228.1
31,blue-collar,married,basic.9y,no,no,no,cellular,jul,wed,152,1,999,0,nonexistent,1.4,93.918,-42.7,4.963,5228.1
50,services,married,unknown,no,yes,no,cellular,aug,thu,90,2,999,0,nonexistent,1.4,93.444,-36.1,4.968,5228.1
47,technician,single,unknown,no,no,no,cellular,jul,tue,117,2,999,0,nonexistent,1.4,93.918,-42.7,4.961,5228.1
31,admin.,single,high.school,no,yes,yes,cellular,may,wed,149,1,999,0,nonexistent,-1.8,92.893,-46.2,1.281,5099.1
32,unemployed,married,high.school,no,yes,no,cellular,nov,thu,640,1,999,0,nonexistent,-0.1,93.2,-42,4.076,5195.8
46,admin.,single,high.school,no,yes,no,cellular,nov,mon,199,2,999,2,failure,-1.1,94.767,-50.8,1.048,4963.6
47,admin.,single,high.school,no,no,no,cellular,may,mon,1114,2,999,0,nonexistent,-1.8,92.893,-46.2,1.299,5099.1
32,admin.,single,high.school,no,no,no,cellular,nov,mon,74,2,999,2,failure,-1.1,94.767,-50.8,1.048,4963.6
52,services,divorced,high.school,unknown,no,no,cellular,nov,mon,190,1,999,0,nonexistent,-0.1,93.2,-42,4.191,5195.8
45,admin.,married,high.school,no,yes,no,cellular,oct,fri,738,3,6,1,success,-1.1,94.601,-49.5,1.029,4963.6
32,admin.,married,university.degree,no,yes,no,cellular,may,fri,374,2,999,0,nonexistent,-1.8,92.893,-46.2,1.313,5099.1
71,blue-collar,divorced,basic.4y,unknown,no,no,cellular,aug,thu,224,1,999,0,nonexistent,-1.7,94.027,-38.3,0.904,4991.6
49,services,married,high.school,no,yes,no,telephone,may,fri,344,2,999,0,nonexistent,1.1,93.994,-36.4,4.855,5191
46,admin.,married,high.school,no,yes,yes,telephone,jun,wed,148,10,999,0,nonexistent,1.4,94.465,-41.8,4.864,5228.1
46,blue-collar,married,professional.course,no,no,no,cellular,nov,fri,383,1,999,0,nonexistent,-1.1,94.767,-50.8,1.028,4963.6
38,admin.,married,university.degree,no,yes,no,cellular,aug,tue,35,6,999,0,nonexistent,1.4,93.444,-36.1,4.965,5228.1
57,services,married,professional.course,unknown,no,no,cellular,aug,mon,153,2,999,0,nonexistent,1.4,93.444,-36.1,4.965,5228.1
41,services,single,high.school,unknown,unknown,unknown,cellular,may,mon,772,2,999,1,failure,-1.8,92.893,-46.2,1.299,5099.1
44,technician,married,professional.course,no,no,no,telephone,may,fri,124,3,999,0,nonexistent,1.1,93.994,-36.4,4.864,5191
47,technician,married,university.degree,no,yes,no,cellular,aug,wed,345,7,999,0,nonexistent,1.4,93.444,-36.1,4.964,5228.1
40,blue-collar,married,basic.9y,no,yes,yes,telephone,may,wed,951,2,999,0,nonexistent,1.1,93.994,-36.4,4.858,5191
57,retired,single,professional.course,no,yes,no,telephone,may,mon,188,1,999,0,nonexistent,1.1,93.994,-36.4,4.857,5191
27,admin.,single,unknown,no,no,no,cellular,mar,tue,128,1,3,1,success,-1.8,93.369,-34.8,0.637,5008.7
52,blue-collar,married,basic.9y,no,no,no,cellular,aug,fri,809,1,999,0,nonexistent,1.4,93.444,-36.1,4.966,5228.1
34,management,married,university.degree,no,yes,yes,telephone,jun,wed,192,1,999,0,nonexistent,-2.9,92.963,-40.8,1.26,5076.2
42,entrepreneur,married,university.degree,no,yes,no,telephone,may,tue,154,1,999,0,nonexistent,1.1,93.994,-36.4,4.857,5191
51,technician,married,unknown,no,yes,no,telephone,jun,fri,17,3,999,0,nonexistent,1.4,94.465,-41.8,4.959,5228.1
45,management,married,basic.4y,unknown,yes,no,telephone,may,fri,100,1,999,0,nonexistent,1.1,93.994,-36.4,4.855,5191
56,retired,married,high.school,no,no,no,cellular,may,mon,317,1,999,0,nonexistent,-1.8,92.893,-46.2,1.244,5099.1
41,management,married,university.degree,no,yes,no,cellular,may,thu,93,1,999,0,nonexistent,-1.8,92.893,-46.2,1.327,5099.1
44,admin.,married,high.school,no,yes,no,cellular,aug,fri,111,1,999,0,nonexistent,1.4,93.444,-36.1,4.964,5228.1
50,blue-collar,married,basic.6y,no,yes,no,cellular,may,mon,293,3,3,1,success,-1.8,92.893,-46.2,1.354,5099.1
54,self-employed,married,high.school,no,no,no,cellular,aug,tue,119,3,999,0,nonexistent,1.4,93.444,-36.1,4.963,5228.1
51,blue-collar,married,basic.6y,no,no,no,cellular,aug,fri,393,1,999,0,nonexistent,1.4,93.444,-36.1,4.964,5228.1
30,blue-collar,single,basic.9y,no,no,no,cellular,nov,wed,30,1,999,0,nonexistent,-0.1,93.2,-42,4.12,5195.8
42,housemaid,married,basic.4y,unknown,yes,no,telephone,jun,fri,38,8,999,0,nonexistent,1.4,94.465,-41.8,4.959,5228.1
41,technician,married,professional.course,unknown,yes,no,telephone,jun,mon,442,11,999,0,nonexistent,1.4,94.465,-41.8,4.865,5228.1
47,services,single,basic.9y,no,no,no,cellular,nov,tue,187,2,999,0,nonexistent,-0.1,93.2,-42,4.153,5195.8
35,blue-collar,married,basic.6y,no,yes,no,cellular,apr,fri,113,1,999,1,failure,-1.8,93.075,-47.1,1.405,5099.1
58,blue-collar,married,basic.9y,no,no,no,cellular,nov,tue,64,1,999,1,failure,-0.1,93.2,-42,4.153,5195.8
50,blue-collar,divorced,high.school,no,yes,yes,cellular,jul,mon,629,2,999,0,nonexistent,1.4,93.918,-42.7,4.96,5228.1
41,technician,married,professional.course,no,no,no,telephone,may,tue,92,1,999,0,nonexistent,1.1,93.994,-36.4,4.856,5191
38,technician,married,university.degree,no,yes,no,cellular,may,wed,147,1,999,0,nonexistent,-1.8,92.893,-46.2,1.334,5099.1
32,student,single,university.degree,no,no,no,cellular,nov,thu,151,2,999,0,nonexistent,-0.1,93.2,-42,4.076,5195.8
21,student,single,high.school,no,no,no,cellular,aug,tue,259,1,999,1,failure,-2.9,92.201,-31.4,0.884,5076.2
46,admin.,divorced,basic.9y,unknown,no,no,telephone,may,wed,423,1,999,0,nonexistent,1.1,93.994,-36.4,4.856,5191
42,self-employed,married,university.degree,no,yes,no,cellular,nov,fri,888,3,999,0,nonexistent,-0.1,93.2,-42,4.021,5195.8
55,services,married,basic.9y,no,no,no,cellular,aug,wed,76,13,999,0,nonexistent,1.4,93.444,-36.1,4.964,5228.1
29,admin.,single,high.school,no,yes,no,telephone,nov,mon,207,1,6,1,success,-1.1,94.767,-50.8,1.05,4963.6
30,blue-collar,single,basic.6y,unknown,yes,no,telephone,jun,wed,100,1,999,0,nonexistent,1.4,94.465,-41.8,4.959,5228.1
53,management,married,basic.4y,no,yes,no,cellular,nov,wed,63,1,999,0,nonexistent,-0.1,93.2,-42,4.12,5195.8
35,management,married,university.degree,no,yes,no,cellular,nov,wed,265,2,999,0,nonexistent,-0.1,93.2,-42,4.12,5195.8
46,services,married,professional.course,no,yes,no,telephone,may,tue,273,4,999,0,nonexistent,1.1,93.994,-36.4,4.856,5191
30,blue-collar,married,unknown,no,no,no,telephone,may,wed,85,2,999,0,nonexistent,1.1,93.994,-36.4,4.857,5191
43,entrepreneur,married,university.degree,unknown,yes,no,cellular,jul,tue,261,1,999,0,nonexistent,1.4,93.918,-42.7,4.961,5228.1
42,services,married,high.school,unknown,yes,no,cellular,jul,mon,136,4,999,0,nonexistent,1.4,93.918,-42.7,4.96,5228.1
32,technician,married,professional.course,no,no,no,cellular,jul,tue,711,1,999,0,nonexistent,1.4,93.918,-42.7,4.962,5228.1
41,blue-collar,divorced,basic.9y,no,yes,no,cellular,may,fri,88,1,999,1,failure,-1.8,92.893,-46.2,1.313,5099.1
28,admin.,married,university.degree,no,no,no,cellular,may,tue,72,3,999,1,failure,-1.8,92.893,-46.2,1.291,5099.1
24,services,single,university.degree,no,no,no,cellular,jul,thu,113,6,999,0,nonexistent,1.4,93.918,-42.7,4.963,5228.1
43,management,married,university.degree,unknown,yes,yes,cellular,apr,fri,307,1,999,0,nonexistent,-1.8,93.075,-47.1,1.405,5099.1
30,admin.,single,university.degree,no,yes,no,cellular,aug,mon,39,1,999,0,nonexistent,1.4,93.444,-36.1,4.97,5228.1
55,blue-collar,married,basic.9y,unknown,no,no,cellular,nov,tue,63,2,999,0,nonexistent,-0.1,93.2,-42,4.153,5195.8
51,retired,married,basic.9y,unknown,no,no,cellular,jul,fri,64,1,999,0,nonexistent,1.4,93.918,-42.7,4.959,5228.1
22,student,single,high.school,no,no,yes,cellular,jul,fri,154,2,999,0,nonexistent,1.4,93.918,-42.7,4.957,5228.1
32,entrepreneur,single,university.degree,no,no,yes,cellular,nov,thu,126,1,999,0,nonexistent,-0.1,93.2,-42,4.076,5195.8
43,admin.,married,professional.course,unknown,no,no,cellular,jul,thu,127,3,999,0,nonexistent,1.4,93.918,-42.7,4.968,5228.1
39,management,married,basic.6y,unknown,no,no,telephone,jun,mon,156,5,999,0,nonexistent,1.4,94.465,-41.8,4.865,5228.1
52,blue-collar,divorced,unknown,no,no,no,cellular,jul,tue,111,8,999,0,nonexistent,1.4,93.918,-42.7,4.961,5228.1
38,technician,single,professional.course,no,yes,no,cellular,may,mon,202,3,999,1,failure,-1.8,92.893,-46.2,1.244,5099.1
59,retired,married,basic.4y,no,no,no,telephone,apr,tue,353,4,999,0,nonexistent,-1.8,93.075,-47.1,1.453,5099.1
31,blue-collar,married,basic.4y,no,yes,no,telephone,may,wed,159,2,999,0,nonexistent,1.1,93.994,-36.4,4.857,5191
76,retired,single,basic.4y,no,no,no,cellular,nov,mon,347,4,6,1,success,-3.4,92.649,-30.1,0.715,5017.5
44,unknown,single,basic.9y,unknown,yes,no,telephone,jun,mon,76,3,999,0,nonexistent,1.4,94.465,-41.8,4.96,5228.1
30,blue-collar,married,unknown,no,no,no,telephone,may,fri,85,2,999,0,nonexistent,1.1,93.994,-36.4,4.864,5191
32,services,married,high.school,unknown,no,no,telephone,jun,fri,174,1,999,0,nonexistent,1.4,94.465,-41.8,4.959,5228.1
41,unemployed,married,unknown,no,no,no,telephone,jun,fri,280,3,999,0,nonexistent,1.4,94.465,-41.8,4.967,5228.1
33,admin.,single,university.degree,no,yes,no,cellular,aug,thu,686,4,999,0,nonexistent,1.4,93.444,-36.1,4.963,5228.1
59,retired,married,basic.4y,no,yes,no,cellular,aug,fri,94,1,999,0,nonexistent,1.4,93.444,-36.1,4.963,5228.1
28,blue-collar,married,basic.9y,no,yes,no,cellular,jul,mon,225,3,999,0,nonexistent,1.4,93.918,-42.7,4.96,5228.1
33,blue-collar,single,basic.6y,no,yes,no,cellular,may,fri,474,2,999,0,nonexistent,-1.8,92.893,-46.2,1.313,5099.1
53,services,married,high.school,unknown,yes,no,cellular,aug,thu,76,1,999,0,nonexistent,1.4,93.444,-36.1,4.964,5228.1
41,services,married,high.school,no,no,no,cellular,mar,wed,377,6,999,0,nonexistent,-1.8,92.843,-50,1.778,5099.1
55,unknown,married,basic.4y,no,no,yes,cellular,jul,thu,185,1,999,0,nonexistent,1.4,93.918,-42.7,4.962,5228.1
45,blue-collar,married,basic.9y,unknown,no,no,telephone,may,tue,121,1,999,0,nonexistent,1.1,93.994,-36.4,4.856,5191
35,technician,married,professional.course,no,no,no,cellular,jul,thu,126,4,999,0,nonexistent,1.4,93.918,-42.7,4.968,5228.1
31,services,married,high.school,unknown,no,no,cellular,jul,mon,160,3,999,0,nonexistent,1.4,93.918,-42.7,4.96,5228.1
53,management,married,university.degree,no,no,no,cellular,aug,mon,313,4,999,0,nonexistent,1.4,93.444,-36.1,4.965,5228.1
35,technician,single,professional.course,no,yes,no,cellular,may,thu,141,1,999,0,nonexistent,-1.8,92.893,-46.2,1.327,5099.1
45,blue-collar,divorced,basic.6y,unknown,yes,no,cellular,may,thu,219,1,999,0,nonexistent,-1.8,92.893,-46.2,1.327,5099.1
34,housemaid,single,university.degree,no,no,no,telephone,jun,thu,267,2,999,0,nonexistent,1.4,94.465,-41.8,4.961,5228.1
42,admin.,married,basic.9y,no,no,no,telephone,apr,mon,406,3,999,1,failure,-1.8,93.075,-47.1,1.405,5099.1
36,self-employed,married,basic.9y,no,yes,yes,cellular,nov,thu,151,3,999,0,nonexistent,-0.1,93.2,-42,4.076,5195.8
44,admin.,married,high.school,no,no,no,telephone,may,wed,228,3,999,0,nonexistent,1.1,93.994,-36.4,4.856,5191
50,admin.,divorced,university.degree,no,yes,no,cellular,aug,tue,73,2,999,0,nonexistent,1.4,93.444,-36.1,4.965,5228.1
36,admin.,married,university.degree,no,yes,no,cellular,sep,fri,355,1,999,0,nonexistent,-3.4,92.379,-29.8,0.773,5017.5
27,technician,married,professional.course,no,no,no,cellular,jul,thu,102,9,999,0,nonexistent,1.4,93.918,-42.7,4.963,5228.1
40,management,married,unknown,no,no,no,telephone,may,fri,97,3,999,0,nonexistent,1.1,93.994,-36.4,4.859,5191
25,technician,single,university.degree,no,yes,yes,telephone,jun,mon,35,6,999,0,nonexistent,1.4,94.465,-41.8,4.96,5228.1
29,management,married,university.degree,no,yes,yes,cellular,aug,tue,116,2,999,0,nonexistent,1.4,93.444,-36.1,4.966,5228.1
44,admin.,married,high.school,no,no,no,telephone,may,wed,83,3,999,0,nonexistent,1.1,93.994,-36.4,4.856,5191
57,blue-collar,married,unknown,unknown,yes,no,telephone,may,tue,473,2,999,0,nonexistent,1.1,93.994,-36.4,4.856,5191
30,admin.,single,high.school,no,yes,no,cellular,jul,wed,605,1,999,0,nonexistent,1.4,93.918,-42.7,4.963,5228.1
37,self-employed,married,university.degree,no,yes,yes,cellular,aug,wed,585,2,999,0,nonexistent,1.4,93.444,-36.1,4.967,5228.1
57,technician,married,basic.9y,no,no,no,cellular,jul,tue,94,1,999,0,nonexistent,1.4,93.918,-42.7,4.961,5228.1
32,technician,married,professional.course,no,yes,no,cellular,jul,thu,255,1,999,0,nonexistent,1.4,93.918,-42.7,4.963,5228.1
54,admin.,married,professional.course,no,no,no,cellular,nov,tue,1868,2,10,1,success,-1.1,94.767,-50.8,1.035,4963.6
58,blue-collar,married,basic.9y,no,yes,no,cellular,aug,mon,846,1,999,0,nonexistent,1.4,93.444,-36.1,4.97,5228.1
29,admin.,single,university.degree,unknown,yes,no,cellular,aug,tue,158,5,999,0,nonexistent,1.4,93.444,-36.1,4.963,5228.1
60,services,married,high.school,unknown,no,no,cellular,aug,tue,73,1,999,0,nonexistent,1.4,93.444,-36.1,4.966,5228.1
27,unemployed,single,university.degree,no,no,no,telephone,jun,wed,404,2,999,0,nonexistent,1.4,94.465,-41.8,4.864,5228.1
30,unemployed,married,high.school,no,yes,no,cellular,jul,tue,383,3,999,0,nonexistent,1.4,93.918,-42.7,4.961,5228.1
42,blue-collar,married,basic.4y,no,no,no,telephone,may,wed,51,1,999,0,nonexistent,1.1,93.994,-36.4,4.859,5191
48,housemaid,married,high.school,no,no,no,telephone,jun,tue,87,1,999,0,nonexistent,1.4,94.465,-41.8,4.864,5228.1
35,admin.,single,university.degree,no,no,no,cellular,aug,mon,167,2,999,0,nonexistent,1.4,93.444,-36.1,4.97,5228.1
46,blue-collar,married,basic.6y,unknown,yes,yes,telephone,may,mon,440,1,999,0,nonexistent,1.1,93.994,-36.4,4.857,5191
57,retired,unknown,basic.4y,no,no,no,telephone,may,tue,673,1,999,0,nonexistent,1.1,93.994,-36.4,4.857,5191
30,services,married,high.school,no,no,no,telephone,jun,mon,151,3,999,0,nonexistent,1.4,94.465,-41.8,4.865,5228.1
28,technician,single,high.school,no,yes,yes,cellular,apr,thu,48,4,999,1,failure,-1.8,93.075,-47.1,1.41,5099.1
34,services,married,high.school,unknown,yes,no,telephone,may,tue,309,1,999,0,nonexistent,1.1,93.994,-36.4,4.856,5191
42,blue-collar,married,basic.4y,unknown,no,no,telephone,jun,thu,236,1,999,0,nonexistent,1.4,94.465,-41.8,4.958,5228.1
30,admin.,single,university.degree,no,yes,no,cellular,nov,tue,288,1,999,0,nonexistent,-0.1,93.2,-42,4.153,5195.8
27,student,single,basic.9y,no,yes,no,cellular,aug,wed,111,1,999,0,nonexistent,-1.7,94.027,-38.3,0.9,4991.6
23,entrepreneur,married,university.degree,no,yes,no,cellular,aug,thu,87,1,999,0,nonexistent,1.4,93.444,-36.1,4.964,5228.1
43,blue-collar,married,basic.4y,unknown,yes,no,telephone,may,tue,193,1,999,0,nonexistent,1.1,93.994,-36.4,4.857,5191
59,management,married,basic.4y,unknown,yes,yes,telephone,may,tue,318,1,999,0,nonexistent,1.1,93.994,-36.4,4.857,5191
31,self-employed,single,university.degree,no,no,no,cellular,aug,mon,209,1,999,2,failure,-1.7,94.027,-38.3,0.898,4991.6
43,self-employed,married,basic.9y,no,no,no,telephone,may,wed,173,2,999,0,nonexistent,1.1,93.994,-36.4,4.858,5191
52,technician,married,high.school,no,yes,no,telephone,may,mon,503,2,999,0,nonexistent,1.1,93.994,-36.4,4.857,5191
26,housemaid,single,high.school,unknown,yes,yes,telephone,jul,thu,127,1,999,0,nonexistent,1.4,93.918,-42.7,4.963,5228.1
24,blue-collar,married,basic.9y,no,yes,yes,telephone,may,fri,101,6,999,0,nonexistent,1.1,93.994,-36.4,4.855,5191
35,blue-collar,single,basic.6y,no,no,no,cellular,nov,thu,370,1,999,1,failure,-0.1,93.2,-42,4.076,5195.8
59,technician,married,professional.course,no,no,no,cellular,jun,thu,1207,4,999,1,failure,-1.7,94.055,-39.8,0.742,4991.6
28,blue-collar,married,basic.6y,unknown,no,no,telephone,may,thu,262,1,999,0,nonexistent,1.1,93.994,-36.4,4.855,5191
37,blue-collar,single,basic.9y,no,no,no,telephone,may,wed,211,2,999,0,nonexistent,1.1,93.994,-36.4,4.857,5191
46,admin.,married,professional.course,no,no,no,cellular,apr,fri,609,1,999,1,failure,-1.8,93.075,-47.1,1.405,5099.1
26,technician,single,university.degree,no,yes,no,cellular,jul,fri,806,3,6,2,success,-1.7,94.215,-40.3,0.861,4991.6
40,management,married,university.degree,no,yes,no,cellular,aug,thu,77,6,999,0,nonexistent,1.4,93.444,-36.1,4.963,5228.1
56,blue-collar,married,basic.4y,unknown,yes,no,cellular,jul,tue,335,